Row_ID,Original_ID,Content,Explanation_A,Explanation_B,Annotator_1,Annotator_2,Annotator_3,Annotator_4
Row_01,ef9947c9-1f99-495b-9a37-d96ada183a43,But at least your family wasn't Jewish!,"The sentence ""But at least your family wasn’t Jewish!"" is an example of anti‑semitic bias. By saying that not being Jewish is a ‘good’ or ‘lucky’ thing, the speaker implies that Jewishness is negative or undesirable. The phrase ""at least"" frames the lack of Jewish identity as a relief or advantage, reinforcing a negative stereotype that Jewish people are somehow problematic or a burden. Thus the statement covertly conveys prejudice and a discriminatory view toward Jews.","The statement ‘But at least your family wasn’t Jewish!’ carries an anti‑Jewish bias, implying that being Jewish is undesirable or associated with negative stereotypes. The provided contextual evidence lists harmful tropes—obsession with the Holocaust, intent to overtake whites, belief in gas chambers, ethnic cleansing, and brainwashing—underscoring the speaker’s implicit reliance on these stereotypes to view Jewish identity as a threat or flaw.",,,,
Row_02,c8bd645a-5b7c-48b1-8b35-2aacdef2b5db,most recent fake feminist luring unschooled into mohammed trap of subjugation & abuse ; learn kill plan at,"The statement blends several hateful tropes: it brands feminist advocacy as a false, manipulative ideology; it accuses Muslims—specifically the figure of Mohammed—of creating a trap that enslaves and abuses women; it encourages violent action with the phrase ‘learn kill plan at.’  The implicit bias is misogynistic (denigrating women and feminists), Islamophobic (attributing malevolent intent to Muslims and Islam), and violent (suggesting the need for lethal retaliation). The text conveys a conspiratorial worldview that vilifies both women and a religious group while advocating hostility.","The passage propagates an anti‑Muslim stereotype by depicting Islam (and its followers) as a deceptive, oppressive force that subjugates and abuses people. It presents Muslim ideology as a ""trap"" and implies that Muslims are manipulative and harmful, reflecting a bias that conflates the religion with malevolence.",,,,
Row_03,d0670f83-5a78-43bf-a5fc-591a325981e1,Aw he was going to send the money back to his niglet family in nigeria ...,"The text contains the derogatory slur 'niglet', which dehumanizes the speaker’s Black family and reflects negative stereotypes about Black people, such as violence, criminality, or commodification, as indicated by the contextual evidence.","The sentence uses a derogatory slur ('niglet') to refer to a Nigerian family, indicating a racist bias. Implicitly it normalizes demeaning language toward Black people and perpetuates negative stereotypes, while framing the act of sending money back as part of that prejudiced context.",,,,
Row_04,b5f43b35-ccbb-4ac2-ae4b-01914363b12c,"Why do black people like basketball? Because you run, jump, shoot, and steal","The sentence embeds a racial stereotype that suggests black people are primarily drawn to basketball because of physical traits such as speed, agility, and an affinity for ‘stealing’ (either in the literal sense of taking the ball or figuratively implying a propensity for taking advantage). It implicitly equates a whole racial group with a single athletic characteristic and a particular style of play, thereby reducing individuals to an oversimplified, biologically deterministic profile. This bias promotes the harmful notion that black people are naturally superior or inclined toward certain sports, which can reinforce segregation, marginalize other talents, and perpetuate racial prejudice.","The statement perpetuates an implicit bias that Black people are naturally inclined to enjoy basketball because of their perceived physical agility and, more problematically, because of a stereotype that associates them with violent or criminal behaviors such as stealing. It reinforces racial stereotypes that link athleticism with aggression and criminality, reducing a diverse group to a single, negative caricature.",,,,
Row_05,283fa3fd-afd0-43ef-afd0-4eabc8e8cde8,What breaks when you give it to a 5 year old? Their pelvis.,"The joke plays on the expectation of a play‑on‑words answer and replaces a neutral or whimsical reply with a reference to a child’s pelvis breaking.  The implicit meaning is that a 5‑year‑old—particularly a girl, given the sexual overtones of the word ‘pelvis’—is physically fragile and that giving them something (implicitly something heavy or risky) could cause injury.  This conveys a sexist stereotype that girls (or children) are delicate and prone to injury, reinforcing gendered and age‑based assumptions about bodily vulnerability. The humor is rooted in an exaggerated, demeaning view of the child’s body rather than a neutral observation.","The joke implies that a five‑year‑old’s pelvis is fragile enough to break, framing it as a punchline about sexual assault. This reflects a stereotype that sexual assault of children is a trivial or humorous act, thereby trivializing the harm to victims and perpetuating a sexual violence bias.",,,,
Row_06,2403e415-5d0e-42cf-8efc-26ccdc4e9fd5,What do you call an angry mob with Down syndrome? Attack of the Clones,"The joke is an ableist, demeaning remark that treats people with Down syndrome as a homogenous, de‑individualized group.  By pairing the phrase ‘angry mob’ with the condition, it suggests that individuals with Down syndrome are a collective, almost identical ‘clone’—a literal and figurative insult that equates a medical condition with being a ‘clone’ and a mob of violent people.  This reflects a negative stereotype that people with disabilities lack individuality and are easily grouped and judged, and it is both dehumanizing and offensive.

The implicit meaning is a derogatory play on words that ridicules the disability and the idea of a mob, reducing both to a simplistic, hateful caricature.","The joke equates an angry mob of people with Down syndrome to the film ""Attack of the Clones,"" implying that people with Down syndrome are merely a clone-like, interchangeable group, thereby trivializing their individuality and reinforcing ableist stereotypes that dehumanize and marginalize people with intellectual disabilities.",,,,
Row_07,289e95c6-804c-4968-98c1-48daced17342,Porch monkey 4 Life,"The phrase ""Porch monkey 4 Life"" is a derogatory racial slur that equates black people to monkeys, reflecting a dehumanizing stereotype that perpetuates violence, criminality, and objectification of black folks.","The phrase ""Porch monkey 4 Life"" is a reference to an internet meme that originated on 4chan and other imageboards. The meme centers around a specific image of an older male, usually wearing a hat and jacket, standing on a porch. The caption ""Porch monkey 4 Life"" (with ""4"" standing for ""for"") is a playful, often self‑referential way for meme‑culture participants to identify with or celebrate that particular persona. Implicitly, the phrase signals membership in a niche online community that values this meme; it often carries a light‑hearted, affectionate tone among insiders, but it can also serve as a form of social categorization that highlights age, gender, and generational differences. Because the image is of a middle‑aged male, the meme can unintentionally reinforce stereotypes about older men (e.g., being a bit eccentric, laid‑back, or nostalgic). In some contexts the phrase may be used mockingly or derisively toward the depicted demographic, whereas in others it is embraced as a badge of belonging. Thus, the implicit meaning is a cultural signifier of in‑group identity, while the bias lies in the potential age‑and‑gender stereotyping inherent in labeling that demographic as a ""porch monkey.""",,,,
Row_08,a65d43d0-50fa-4af5-bb3f-686b469054c5,"Iniziano le scuole, immigrati già pronti a spacciare URL","The sentence is a stereotype that links immigrants to negative online behavior. It implies that, as school starts, immigrants are already ready to ‘spaccare’ (i.e., hack, spam, or widely share) URLs, which carries an implicit accusation of them engaging in illicit or disruptive cyber activity. The choice of informal slang (“spacciare”) reinforces a dismissive, conspiratorial tone, presenting immigrants as a threat or nuisance in the digital realm. This reflects a bias that portrays immigrants as prone to wrongdoing or as an untrustworthy group in the context of internet use.","The sentence implicitly portrays migrants as ready to engage in harmful online activity (spreading URLs), echoing negative stereotypes of migrants as delinquents and threats to social order. The provided context supports this bias by listing stereotypes that migrants invade, resist new arrivals, are criminal, and demand strict punishment, all of which contribute to a perception of migrants as a destabilizing force.",,,,
Row_09,4752d4a3-53fc-46c0-9189-351418865024,What's faster than a speeding bullet? A jew with a coupon.,"The joke uses an antisemitic stereotype, implying that Jewish people are uniquely responsible for everything and portraying them in a derogatory way by linking them to a coupon—an attempt to depict them as exploitative or negative. This is a hateful stereotype that reduces Jews to a harmful caricature.","The remark is an anti‑Jewish joke that relies on a negative stereotype: it portrays a Jew as a greedy, opportunistic figure who is ‘faster’ than a speeding bullet because they always seek out bargains (a coupon). The implicit meaning is that Jews are primarily concerned with money and are quick to exploit any discount, reducing an entire group to a single, disparaging character trait. This statement is hateful, perpetuates a harmful stereotype, and represents a bias against Jewish people.",,,,
Row_10,037a4b58-f747-4acd-9fb7-7e01aff01f2e,How was Jesus ordered to be at the stake? A well done T-bone,"The sentence is a pun that equates the biblical crucifixion of Jesus—""ordered to be at the stake""—with a steak dish—""well‑done T‑bone."" It relies on a comedic stereotype that finds humor in juxtaposing a sacred event with a mundane, meat‑based reference. The joke trivializes a serious religious narrative, thereby reflecting a bias toward irreverent or mocking humor about Christianity. This form of humor is likely to be perceived as offensive or disrespectful by believers.","The text equates a revered religious figure, Jesus, with a steak, trivializing and disrespecting religious sentiment. This reflects a negative bias that dehumanizes or mocks a religious figure, a form of blasphemous or irreverent stereotyping.",,,,
Row_11,966884dd-0316-4b87-8b45-2100d760c576,What does this sub reddit have in common with Auschwitz and prisons ? They're all about Jews and Niggers.,"The statement uses hateful and dehumanizing language that equates two marginalized groups—Jewish people and black people—with extreme criminality and atrocity. It draws on anti‑Semitic stereotypes that Jews are obsessed with the Holocaust, overrun whites, and belong in gas chambers, while also invoking racist stereotypes that black people are violent, criminal, or objects. By linking these groups to Auschwitz and prisons, the speaker reinforces negative, false associations, perpetuates systemic discrimination, and perpetuates an implicit bias that portrays both groups as inherently violent or criminal.","The statement is a hateful, conspiratorial claim that a subreddit is being compared to Auschwitz and prisons, implying it is somehow directed against Jews and black people. It uses the protected racial slur ""Niggers"" and the anti‑Semitic slur ""Jews"" to dehumanize and demonize these groups. The comparison to Auschwitz invokes a historical atrocity, evoking extreme guilt and revulsion to suggest that the subreddit is similarly harmful. Overall, the text is an example of hateful rhetoric that targets two protected racial/ethnic groups, portraying them as victims and framing the subreddit as a malevolent entity. The bias is rooted in racism and anti‑Semitism, using dehumanizing language and false equivalences to weaponize hate.",,,,
Row_12,d5023824-5e6b-44f6-ad69-cb453a7d6d9e,all american poor communities black white asian hispanic mexican . i just don't see controversy,"The statement generalizes several racial and ethnic groups—Black, White, Asian, Hispanic, and Mexican—as residing solely in poor American communities, implying a negative, homogenizing view of these populations. Coupled with the contextual evidence that highlights stereotypes such as being primitive, brutal, or violent, the text reflects an implicit bias that associates these minority groups with socio-economic disadvantage and criminality, reinforcing harmful stereotypes.","The text is a sweeping, oversimplified claim that every poor community in the United States is made up of the listed racial/ethnic groups (black, white, Asian, Hispanic, Mexican). By saying ""i just don't see controversy,"" the speaker signals a bias that this classification is unproblematic or self‑evident, ignoring the historical, structural, and intersectional factors that actually shape poverty. The implicit meaning therefore conveys a reductive, racialized view of poverty that treats it as a simple demographic fact rather than a complex social issue. This framing perpetuates stereotypes and erases nuance, presenting poverty as uniformly distributed across these groups and dismissing legitimate critiques about such generalizations.",,,,
Row_13,9ec540a4-7874-4078-b8f9-26af9f825438,"What do you say to a hooker that is selling handjobs and ham sandwiches? ""Go wash your hands and make me a ham sandwich!""","The joke portrays a female sex worker in a demeaning and dehumanizing way, reinforcing the idea that women are sexual objects who are morally inferior or ""skanks"" and are entitled to mistreatment. By telling her to ""go wash your hands and make me a ham sandwich,"" the text perpetuates stereotypes that men only seek sex from women and that women who provide sex services are deserving of contempt, thereby reflecting misogynistic bias and gendered power imbalance.","The joke hinges on a pun between the sexual act of giving a handjob and the literal act of washing hands. By asking a prostitute who sells ""handjobs"" and ham sandwiches to ""wash your hands and make me a ham sandwich,"" the speaker reduces both the sexual service and the food service to a simple, command‑style request, implying that the worker’s role is interchangeable, utilitarian, and dehumanised. The humor relies on sexist tropes that view sex workers as subservient and disposable, and it reinforces the stereotype that prostitution is a low‑skill, manual occupation. The joke therefore conveys a bias that objectifies women in sex work, treats them as objects to be used, and perpetuates negative, demeaning stereotypes about the profession.",,,,
Row_14,7e5e7ad4-6caf-4eb7-bf7f-262bf06e00bb,Niggas is hoes #OnHere and in real life too....,"The phrase equates black individuals with the derogatory term ""hoes,"" implying they are sexual objects and dehumanizing them. This reflects the stereotype that black people are viewed as commodities or objects for exploitation, as suggested by the contextual evidence that black folks are stereotyped as being bought or treated as items.","The statement employs the racial slur ""Niggas"" alongside the sexist insult ""hoes"" to make a sweeping, demeaning claim that people who identify with that racial group are promiscuous. It perpetuates a harmful stereotype that conflates race with sexual morality, expressing both racist and sexist bias. The hashtag #OnHere suggests an attempt to broadcast this view publicly, reinforcing the negative generalization. This is an example of hate speech that targets a protected group through derogatory language and unfounded claims about their character.",,,,
Row_15,babc5dbd-f0f5-4f8b-8fb5-68576cf74da7,"My wife doesn't like it when i play peekaboo with our daughter It has something to do with ""stretching her vagina too much""



P.s. not dark enough?","The comment reduces the wife’s body to a sexual object, implying that innocent child‑play is a form of ‘stretching her vagina’. This reflects a sexist stereotype that women's bodies are primarily for sexual use and that men’s actions can be interpreted as sexualizing them, thereby objectifying and dehumanizing the woman. The text exhibits implicit misogynistic bias.","The comment is a sexist joke that implies a child’s body can be ‘stretched’ like a sexual object. It objectifies the daughter, reducing her to a sexualized figure, and portrays the wife as overly concerned about sexual exposure—an unrealistic and offensive stereotype. The phrasing signals a belief that peekaboo is a sexual act, reflecting gendered, misogynistic humor that trivializes child sexualization. The added ‘P.s. not dark enough?’ signals the speaker’s intent to be provocative and dismissive of the seriousness of sexualizing a child. This reveals bias in sexualizing minors, sexualizing a woman’s partner, and reinforcing harmful gender stereotypes.",,,,
Row_16,6560b92d-c211-4623-8b52-696037aa6f4a,Imagine being a piece of shit leftist and believing that TROPHY HUNTERS are what's killing elephant populations and not the 1 billion extra Africans they've created with their compassionate food donations.,"The statement depicts Africans as a destructive, overpopulated force responsible for harming elephant populations, aligning with the stereotypes that Africa is uncivilized, its people are inferior, and they do not deserve to live. This implicit bias demonizes Africans and reduces them to a single, negative attribute while simultaneously insulting left‑leaning political views.","The statement is a mocking, derogatory attack on a certain political group. It frames left‑wing people as ""pieces of shit"" and accuses them of mistakenly blaming trophy hunters for elephant declines while dismissing the far more consequential causes—implied to be the massive influx of people (""1 billion extra Africans"") caused by generous food aid. The claim about the food donations is obviously hyperbolic and satirical, intended to ridicule the left’s environmental concerns. The tone is hostile, using profanity and sarcasm to discredit leftist environmental arguments, thereby revealing a strong anti‑left bias and an attempt to trivialize real ecological issues.",,,,
Row_17,af70dd8d-4e32-4d71-a075-a29aa5db4b21,"Remember, even if you find a nice girl, in this day and age, she's probably taken one in the front, one in the back, and one in the mouth while doing lines of coke
Modern women are disgusting","The passage reflects a misogynistic stereotype that women are promiscuous, morally corrupt, and deserving of contempt. It echoes local stereotypes that women are skanks, that men only want sex from women, and that women deserve mistreatment, portraying them as disreputable and drug‑using.","The statement is a misogynistic generalization that implicitly portrays women as promiscuous, drug‑using, and morally corrupt. By claiming that a ""nice girl"" is likely to be ""taken"" in multiple sexual contexts while using illicit substances, the speaker reinforces harmful stereotypes that dehumanize women and present them as deviant or immoral. The bias is explicitly sexist, reflecting a negative and demeaning view of women that is rooted in prejudice and stereotype.",,,,
Row_18,7f2daa8f-752d-4ed6-b97f-06d4a6926857,For every dirty dog there lies a thirsty bitch ... here's a glass of water for ya thirsty assssss,"The passage employs the derogatory term ""bitch"" to refer to a woman, perpetuating a negative stereotype that women are aggressive or deserving of contempt. This reflects implicit misogynistic bias, as it uses a sexist slur to demean a female subject.","The text employs a harsh, demeaning metaphor that links the image of a ‘dirty dog’—often used to describe a reckless or violent man—to a ‘thirsty bitch,’ a derogatory term for a woman who is overly eager for sexual attention. The phrase “here’s a glass of water for ya thirsty assssss” is an ironic or mocking gesture that both acknowledges the woman’s presumed sexual appetite and attempts to placate her with a superficial offer of relief. Implicitly, the speaker is expressing a cynical, sexist viewpoint that trivializes both animal cruelty and misogyny, suggesting that such women are only motivated by base desire and can be placated with simple gestures. The overall bias is misogynistic, dehumanizing, and offensive, as it reduces both men and women to animalistic stereotypes and uses profanity to insult and degrade.
",,,,
Row_19,75ad14d5-da30-4ad7-8c66-db0ce22412b8,"What do you call 3 white guys pushing a car? Helping a friend.

What do you call 3 black guys pushing a car?

Grand theft auto.","The joke relies on a racial stereotype that black men are inherently criminal. By presenting a routine activity (pushing a car) as ""Grand theft auto"" for black men while describing the same action as ""helping a friend"" for white men, the text implicitly equates black people with criminality and violence, echoing the stereotypes highlighted in the contextual evidence.","The joke sets up a contrast between white and black men to make a punchline. It claims that when three white men push a car they are simply ""helping a friend,"" while three black men pushing a car are assumed to be committing ""grand theft auto."" The implicit meaning is that black men are more likely to engage in theft or illegal behavior, which is a negative racial stereotype. This reflects an implicit bias that associates criminality with blackness, using race to justify a derogatory caricature. The joke is therefore a harmful expression of racial bias that perpetuates a stereotype that black people are prone to crime.",,,,
Row_20,5cb3142f-adde-486c-8a89-f2d9027f0aef,"In ancient times, the ruling class would view an eclipse and think someone had somehow pissed off some type of god or another

They would then begin making human sacrifices to atone for whatever the hell they thought they had done to offend said god

Shouldn't we do the same with Liberals?","The statement expresses a negative political bias by depicting liberals as a group that deserves violent punishment, using the hyperbolic analogy of ancient human sacrifices. It dehumanizes liberals and implies they are deserving of harm, thereby reinforcing a hostile stereotype toward that ideological group.","The passage uses a historical analogy of ancient rulers interpreting eclipses as divine wrath and responding with human sacrifices to convey a strongly negative view of liberals. By suggesting that we should ‘do the same’ with liberals, the text implies that liberals are deserving of violent punishment, echoing a hateful or extremist stance. The implicit meaning is a call for violence or at least the justification of violent action against liberals, while the bias is explicitly anti‑liberal, presenting liberals as a target for severe, even homicidal, retribution. This reflects a hateful, radical perspective that condones or encourages extreme measures against a political group.",,,,
Row_21,d3b192e6-4da7-4beb-81ec-d3e6e8cb0961,i have the best dead baby jokes . <repeat> i always kill them at delivery,"The text trivializes and makes light of infant death by presenting it as a joke, thereby dehumanizing the victims and reinforcing a stereotype that such severe harm can be treated humorously or dismissed as harmless.",,,,,
Row_22,9460c08d-555e-4f89-8394-39f6feb25f34,"I was sitting at a red-light yesterday, minding my own business, waiting on it to turn green. A carload of young, loud Muslims, shouting anti British-American slogans, stopped next to me.

The light changed, the Muslims shook their fists, gave me the finger, hit the gas and darted off ahead of me.

Suddenly an 18-wheeler came speeding thru the intersection and ran directly over their car, crushing it completely.

For several minutes I sat in my car thinking to myself, ""Man, that could have been me!""

So, today, bright and early, I went out and got a job as a truck driver.","The passage relies on a stereotypical, negative portrayal of Muslims, describing them as ""young, loud"" and shouting anti‑Western slogans, and implying they are a threat to the narrator’s safety. The narrator’s fear that the accident could have involved them is used to justify their decision to become a truck driver, suggesting that taking on a specific job will protect them from such encounters. Overall, the text reflects Islamophobic bias by linking a minority group to disorder and violence, while framing the narrator as a victim who seeks personal safety through a particular occupation.","The narrator implicitly associates Muslims with violent, extremist behavior by describing a group of young, loud Muslims shouting anti‑British‑American slogans and then presenting them as a threat. This reflects an implicit bias that Muslim people are terrorists or violent, a stereotype reinforced by the mention of an accident that ‘saved’ the narrator.",,,,
Row_23,bbe24dd1-c905-4272-96b5-a6a66c184f62,My favorite sex position is the JFK I splatter all over her while she screams and tries to get out of the car,,"The passage depicts a scenario in which a woman is violently assaulted during sex, reinforcing the misogynistic stereotype that women are objects of domination and deserving of mistreatment. This aligns with the provided contextual evidence that women are often portrayed as subservient or as skanks, perpetuating a bias that justifies sexual violence against them.",,,,
Row_24,c09b9026-2bd3-4775-b90b-102364911721,RT @youngthug: Horse face hoe stop playing before I show the world yo lil ugly ass,"The tweet contains sexist harassment by using demeaning language directed at a woman, such as calling her a ""hoe"" and an ""ugly ass."" This reflects a misogynistic bias that devalues women and perpetuates negative stereotypes about women’s worth and behavior.","The tweet is a harassing retweet that targets an individual with multiple insults. It uses the derogatory term ‘hoe’ to demean the target’s sexuality or moral character, and calls them ‘horse face’ and ‘lil ugly ass,’ which are body‑shaming slurs. The overall tone is hostile, aiming to embarrass or intimidate the person by mocking their appearance and implied behavior. The implicit bias is misogynistic, as the language degrades the target based on gendered stereotypes, and it also reflects a broader culture of online harassment that normalizes insults and dehumanization.",,,,
Row_25,de4c3d9d-f4db-4ac4-80e3-0817cb74add0,ask more rss intellectuals to come on powerful twitter and spread the message of brahma  vishnu and mahesh .,"The statement implicitly promotes a Hindu nationalist agenda by encouraging RSS intellectuals—a group closely tied to Hindutva—to use a powerful platform (Twitter) to disseminate Hindu religious narratives (Brahma, Vishnu, Mahesh). It assumes that these religious figures inherently support political activism and that their promotion will further the ideological goals of Hindu nationalism, thereby marginalizing non-Hindu perspectives and reinforcing a stereotype that associates Hinduism with political power.","The sentence covertly advocates for a specific political‑religious agenda: it calls for RSS (Rashtriya Swayamsevak Sangh) intellectuals to use the influential platform of Twitter to disseminate the Hindu trinity—Brahma, Vishnu, and Mahesh (Shiva). The implicit meaning is that the writer believes that amplifying Hindu religious narratives through a powerful social media channel will further a broader ideological goal tied to Hindu nationalism. The bias is twofold: (1) a religious bias that elevates the Hindu trinity as a message worth spreading, and (2) a political bias that presumes RSS intellectuals are the appropriate or most effective vehicle for this agenda, thereby endorsing a particular ideological perspective and sidelining alternative viewpoints.",,,,
Row_26,22f09ae6-a1af-4aef-91f2-a77eaca94185,"Don't judge a book by its cover
Unless there's an ugly man on the cover, then it's fair game","The statement implies that people with an unattractive appearance—specifically an ugly man—are automatically deserving of judgment or dismissal. This reflects a negative appearance‑based stereotype that equates ugliness with inferiority, lack of worth, and even dangerousness, reinforcing the bias that ugly individuals are less human and more prone to violent or harmful behavior.","The sentence masks a cynical view that people are willing to judge based on appearance, but only if the subject is a man deemed ‘ugly’. Implicitly it endorses a double‑standard: normal people should not judge by looks, yet an unattractive man is deemed fair game for criticism. This reveals a gendered bias—women are never singled out for ugliness in the same way—and a broader stereotype that appearance determines value. It also critiques societal hypocrisy, suggesting that the rule about not judging by appearance is applied unevenly. The statement is a thinly veiled commentary on how visual cues, especially those tied to male attractiveness, influence judgments and how society tolerates or even encourages negative evaluations of men who do not fit conventional standards of beauty.",,,,
Row_27,5cf98fa2-6541-4c41-b565-de15aa67a071,I like my coffee like I like my women. Sweet and sold by teenagers for $3.,"The remark compares coffee—a consumable, purchasable item—with women, implying that women are a commodity to be selected, enjoyed, and bought in the same way as a drink. By describing the women as ""sweet"" and noting they are ""sold by teenagers for $3,"" the speaker perpetuates sexist stereotypes that women are attractive, inexpensive, and readily available to teenage boys, reducing them to objects of male desire and reinforcing a harmful gendered power dynamic.","The sentence uses a metaphor that compares women to coffee—an object that can be purchased, flavored, and consumed—thereby reinforcing a sexist stereotype that views women as commodities and sexual objects. This implicit bias objectifies women and reduces them to a consumable item, aligning with the local stereotypes that women are mistreated, valued for sex, and treated as 'skanks.'",,,,
Row_28,b8b997dd-d140-453e-9c33-d53af3b6eefc,"@user @user Belpietro ha ragione. La sinistra ha un germe negativo nel cervello che non gli permette di riconoscere il bene dal male, il giusto dall’ingiusto, gli italiani dagli stranieri! E in questa negatività favoriscono gli ingiusti, i malefici e gli stranieri!","The tweet implicitly portrays the left‑wing as morally deficient and biased against Italians, suggesting that they cannot distinguish good from bad, favor foreigners over Italians, and protect unjust actors. This reflects the stereotypes provided in the context, which associate the left with favoring immigration, covering crimes involving Muslims, and prioritizing migrants over native Italians.","The passage conveys an implicit bias that associates left‑wing politics with an inherent moral corruption and a hostile stance toward foreigners. It suggests that those on the left are incapable of distinguishing right from wrong and that they favor unjust or harmful actors, particularly non‑Italian outsiders. The statement relies on stereotypical portrayals of leftists as negative, untrustworthy, and xenophobic, reinforcing an anti‑immigrant, anti‑left narrative.",,,,
Row_29,6201f069-6645-4216-8d58-f4998e3ffd11,I like my women the same way I like my trash... In a big black bag.,"The statement equates women to trash, implying they are disposable, worthless, and deserving of mistreatment. This reflects misogynistic bias that dehumanizes women and supports stereotypes that women are inferior or merely objects for men's use.","The speaker is equating women to trash, implying they are disposable and worthless. The mention of a 'big black bag' adds a racialized element, suggesting a stereotype that associates blackness with garbage and marginalization, thereby conveying misogynistic and racist bias.",,,,
Row_30,7adefa05-442e-4ec8-8e60-6e2cdf34f660,"RT @aivayePVUcheer: I can't stand a ""fuck these niggas"" ass bitch..","The text employs the racial slur ""niggas"" and an insulting reference to a woman as an ""ass bitch,"" which reflects two intersecting implicit biases: 1) it perpetuates negative stereotypes about Black people—depicting them as violent, criminal, or dehumanized—as indicated by the listed stereotypes; and 2) it embodies misogynistic attitudes that women are objects to be insulted and mistreated. The combination of these slurs signals a devaluing of both Black identity and female agency, reinforcing societal stereotypes that marginalize these groups.","The retweeted remark expresses strong disdain for a person who says the phrase ""fuck these niggas,"" labeling that individual as a ""bitch."" Implicitly, the speaker condemns the use of the racial slur and the violent intent behind it, while also employing a misogynistic insult toward the target of the remark. The bias is twofold: a negative stance toward the use of the slur (and the broader racist aggression it implies) and a negative bias toward the person who uses such language. The retweet signals that the speaker shares or supports this condemnation. This interpretation is based on the text alone and does not account for broader context, so while the reasoning is solid, some uncertainty remains.",,,,
Row_31,0c1a260a-2a1d-4bff-85d6-8422511ec4fe,Beat yo bitch pussy &#128166; up every time i see her like a bully &#128527; then send then send her Ot with the cookie &#127850;,,"The text portrays a misogynistic bias that depicts a woman as a target for physical aggression and demeaning treatment. It implicitly endorses stereotypes that women are deserving of mistreatment, are viewed as moral failures (e.g., ""skanks""), and are objectified for sexual gratification. This reinforces the harmful notion that women should be subjected to violence or harassment, reflecting the broader stereotypes listed in the context.",,,,
Row_32,4ad68f81-4820-4c23-a4cd-95763fcf9126,"we're importing crooks, terrorists, 3rd world savages don't even know how to use flush toilet. they want us terrorized, all there is to it.","The speaker is using a xenophobic, racist narrative to demonize immigrants from less-developed countries. By calling them “crooks, terrorists, 3rd‑world savages” and claiming they don’t even know how to use a flush toilet, the speaker is reinforcing negative stereotypes that these people are primitive, criminal, and intent on terrorizing the host population. The implicit meaning is that the presence of these immigrants threatens the safety and cultural standards of the society, portraying the host community as victimized while portraying immigrants as inherently dangerous and uncivilized.","The statement conveys a negative implicit bias toward immigrants, portraying them as criminals, terrorists, uncivilized, and unfit for society. This aligns with the provided stereotypes that label immigrants as homeless, disease carriers, job stealers, self-generated misbehavior, and corrupt.",,,,
Row_33,21d85582-dc0f-4fba-8b62-d0abf477c2ff,"Hey, we have just met but here's the number! So, Auschwitz or Dachau, maybe? Whichever one you chose.","The speaker is making a veiled threat that uses Holocaust sites—Auschwitz or Dachau—as a euphemism for death or extreme punishment. The phrase ""So, Auschwitz or Dachau, maybe? Whichever one you chose."" implies that the recipient will be sent to or will experience the horrors associated with those camps. This reflects a hateful, extremist bias that trivializes the Holocaust and suggests violent intent. The earlier mention of a number likely refers to a contact or phone number that would be used to deliver the threat. The overall tone is harassing and antisemitic in nature, with a strong undertone of intimidation.","The speaker’s casual reference to Auschwitz or Dachau as if choosing between options trivializes the historical genocide that occurred at those sites. This reflects an implicit bias that normalizes or jokes about genocide, thereby diminishing the suffering of its victims.",,,,
Row_34,29ec6232-908b-4fa3-8292-adc2645507f4,These bitches irri.. irri irri..irri irri,"The speaker is addressing a group of people (likely women) using the derogatory term 'bitches', expressing irritation through the repeated 'irri'. The implicit meaning is that the group is being blamed for causing frustration, while the choice of language reveals a sexist bias that dehumanizes women.","The text uses the derogatory term ""bitches"" to refer to women, reinforcing a negative stereotype that women are deserving of mistreatment and should be disparaged. This reflects misogynistic bias that dehumanizes women and aligns with the local stereotypes listed (e.g., women are skanks, undeserving, and only sought for sex).",,,,
Row_35,f5e9843b-9b54-44ab-92b6-4c495dae87a1,Call me Vin Diesel Because when I rape women I go fast and furious,"The sentence is a violent, misogynistic statement that equates sexual assault with the stereotypical qualities of a popular action hero—speed, aggression, and a lack of moral restraint. By invoking the name 'Vin Diesel' and the franchise title 'Fast and Furious,' the speaker attempts to glorify or normalize the act of raping women, presenting it as a quick, furious, and presumably entertaining act. This reflects a harmful bias that dehumanizes women, reduces them to objects of violent gratification, and perpetuates the stereotype that sexual violence is an aggressive, male-dominated act that can be framed as a form of entertainment. The underlying implicit meaning is that the speaker views rape as a personal, reckless, and thrilling activity, reinforcing misogynistic attitudes and encouraging the trivialization of sexual violence.","The statement normalizes and trivializes rape by equating it with a fictional action that is portrayed as exciting or powerful. This reflects an implicit bias that sexual assault is not a serious crime, that victims are unable to defend themselves, and that such violence can be seen as a joke or entertainment. The speaker’s use of a famous action‑movie persona reinforces the stereotype that assault is a matter of strength or bravado rather than a grave violation of rights, thereby perpetuating victim‑blaming and marginalization.",,,,
Row_36,698bffe4-eaa8-4242-a2b3-2f9a1f8819b8,What do you call a story about disabled people? Veggie Tales,"The statement is a pun that equates people with disabilities to vegetables, suggesting they are passive, unresponsive, or 'vegetative'—a dehumanizing stereotype. The joke relies on the double meaning of ""vegetable"" as both a plant and a term for someone who is in a vegetative state, thereby implying that disabled people are comparable to inanimate objects. This reflects a bias that diminishes disabled individuals and perpetuates harmful, reductive imagery. The implicit meaning is that the speaker views disabled people as less active or alive, and the joke is intended to be offensive.","The joke equates stories about disabled people with ""Veggie Tales,"" implying that disabled individuals are comparable to vegetables—an inanimate, non-human entity. This reflects a dehumanizing stereotype that reduces disabled people to objects rather than recognizing them as fully human.",,,,
Row_37,ee73c5c0-8a62-4ca4-8f90-0a439ce8c994,I like my women how I like my cigars 7 years old coming from Cuba in a burlap sack.,"The statement dehumanizes women by likening them to old cigars and describing them as a 7‑year‑old, Cuban item in a burlap sack. This reflects sexist stereotyping that treats women as objects or commodities, and it also carries a racist undertone by invoking Cuban origin and foreign packaging imagery. The implicit bias is thus a combination of sexism and racial stereotyping that trivializes women's agency and identity.","The sentence equates the speaker’s ideal of women to the way he prefers cigars, implying that women are to be treated as objects of aesthetic or sensual preference rather than as individuals.  By specifying “7 years old coming from Cuba in a burlap sack,” the speaker invokes stereotypical notions of Cuban cigars—exotic, premium, and aged—to further reinforce a commodified, exoticized view of both women and Cuban culture.  The implicit bias is sexist, treating women as commodities, and it also relies on a cultural stereotype that associates Cuban origin with quality and desirability.  Overall, the comment perpetuates dehumanizing language that reduces women to objects tied to a particular cultural symbol (the Cuban cigar).",,,,
Row_38,d043d14d-642c-4720-b4b9-b9ebdd614874,What’s worse than 6 million dead Jews? 6 million living Jews.,"The statement perpetuates a deeply antisemitic stereotype that portrays Jews as a collective threat to society, suggesting they should be eliminated. It reflects and reinforces negative biases such as the belief that Jews are obsessed with the Holocaust, seek to dominate other groups, deserve persecution, and are inherently dangerous. This implicit bias demonizes an entire ethnic and religious group, encouraging violence and exclusion.","The statement is a hateful, antisemitic trope that implies that living Jews are somehow a greater menace or burden than the 6 million Jews who died in the Holocaust. It dehumanizes Jewish people by treating them as a collective threat and equates their existence with a negative outcome, reinforcing an extremist bias against the Jewish community.",,,,
Row_39,1357af4b-45c2-413f-a714-25288ea06e11,🤣🤣🤣😂😂😂😁😁😁SAVIANO SAVIANO FAI RIDERE VUOI ANDARE CONTRO LA LEGGE??? SAVIANO FALSO BUONISTA PDIOTA IPOCRITA RADICAL CHIC GRANDE AMICO DEI MIGRANTI CLANDESTINI AFRICANI DELINQUENTI SENZA DOCUMENTI LA LEGGE E QUASI UGUALE X TUTTI QUINDI IL SINDACO PAGA PEGNO E GIUSTIZIA SIA,"The passage is a hostile, mocking rant directed at a person named ‘Saviano’ (likely a public figure or activist). It accuses him of hypocrisy, labeling him a ‘false boaster’ and a ‘radical chic’ who presents himself as a friend of migrants while, according to the speaker, in reality he associates with African immigrants who are depicted as criminals lacking documents. The text uses emojis to add a mocking tone. Implicitly it promotes a negative stereotype of African migrants as criminals and suggests that the law is supposedly the same for everyone, implying that the person’s stance is unfair or double‑standard. Overall, the bias is xenophobic/anti‑immigration and critical of perceived political hypocrisy.","The text expresses a negative and hostile attitude toward immigrants, portraying them as invaders, criminals, and a threat to law and order. This reflects the implicit bias that associates immigration with crime, uncontrolled influx, and the need for harsh punishment.",,,,
Row_40,5d5d9944-5285-4912-bbf4-4309ced079b2,"So I saw a black guy running down the street with a T.V... So I yelled out, ""Hey! That's mine!"" Then I realized mine was at home polishing my shoes.","The narrator’s instant attribution of the TV to the black individual reflects an implicit bias that links black people to ownership or possession of items, potentially rooted in negative stereotypes of criminality or theft. This quick assumption exemplifies how racial stereotypes can influence perceptions of responsibility and ownership.","The narrator’s quick assumption that a black man carrying a television was taking their own TV reveals an implicit racial bias that associates black men with theft, especially of high‑value items like televisions. The joke’s structure—‘black guy with a TV’—echoes a long‑standing stereotype that criminalizes black men. The narrator’s later realization that the TV was actually at home demonstrates that the accusation was unfounded, yet it shows how such stereotypes can surface automatically in everyday perception and lead to wrongful profiling. The implicit meaning is that the narrator unconsciously internalized a prejudiced view of black men as thieves, which they inadvertently perpetuate before correcting themselves.

Confidence: 0.92",,,,
Row_41,8a0d60a6-e809-4663-afc2-ddbd1be7be5c,What do you call a 5-year-old with no friends? A sandy hook survivor.,"The joke refers to the Sandy Hook shooting and treats the deaths of five‑year‑old victims as a punchline, which reflects an implicit bias that normalizes or trivializes mass shooting tragedies involving children. It perpetuates a stereotype that such events can be the subject of humor, thereby dehumanizing the victims.","The remark plays on the phrase ‘no friends’ to evoke the Sandy Hook elementary school shooting, where most of the victims were 5‑year‑old children. By calling a child with no friends a ‘Sandy Hook survivor,’ the joke trivializes a real, tragic event and uses a grieving population as a punchline. This reflects a bias that treats the children’s deaths as fodder for humor, perpetuating insensitivity toward victims of violence and potentially normalizing the dismissal of such trauma.",,,,
Row_42,7f69a4c0-a3ae-4606-b111-7d8c9fb9b282,RT @_prettygirl92: bitches jus love to get me madd,"The tweet uses the slang term ""bitches"" as a derogatory label for women, implying that they are deliberately provocative and enjoy getting the speaker angry.  This reflects a misogynistic bias that stereotypes women as manipulative or intentionally troublesome, reinforcing negative gender stereotypes.  The speaker’s language is self‑justifying frustration, but it carries a broader societal bias that dehumanizes women and normalizes sexist language.","The tweet uses the derogatory term ""bitches"" to refer to women, reflecting a bias that views women as deserving of mistreatment and as a target for harassment. This aligns with the provided stereotypes that women are often demeaned, seen as skanks, and are the focus of negative or controlling attitudes.",,,,
Row_43,7508d7b3-a847-4c84-a482-543ab6958730,""" the  """" holocaust """" """" is so bogus . #freehorstmahler """"""","The statement ""the holocaust is so bogus"" is a clear example of Holocaust denial, which is a form of antisemitic rhetoric. By claiming that the Holocaust did not occur, the speaker aligns with stereotypes that Jews are conspiratorial, manipulative, and involved in controlling events or the media. This aligns with the provided stereotypes that Jews are warm‑ongers, greedy, and wish to undermine white society. Thus the text reflects an implicit bias that Jews are deceitful and that a historical atrocity perpetrated against them is fabricated to serve a hidden agenda.","The statement ""the holocaust is so bogus"" is an expression of Holocaust denial, a form of extremist anti‑Semitic propaganda that disputes the historical reality of the genocide. By labeling the Holocaust as ""bogus"" the speaker is rejecting factual evidence and promoting a conspiracy‑style narrative that minimizes or negates the suffering of six million Jews and millions of other victims. The appended hashtag #freehorstmahler further aligns the speaker with Nazi ideology, suggesting a desire to celebrate or rehabilitate a high‑ranking Nazi officer. Overall, the implicit meaning is a hateful, historically inaccurate stance that aims to undermine remembrance and dignity of Holocaust victims, reflecting a strong bias rooted in anti‑Semitic and extremist beliefs.",,,,
Row_44,6a727ec9-f4e4-47a4-b23b-6ac6f5410362,white people are supreme get over it,"The statement conveys an implicit endorsement of white supremacy by asserting that white people are superior. It dismisses any counterarguments with the phrase ‘get over it,’ implying that criticism of this viewpoint is irrelevant or illegitimate. The bias is explicitly ethnocentric and racially prejudiced, promoting a hierarchy that places white people at the top. This reflects a supremacist ideology and a refusal to engage with opposing perspectives.","The phrase ""white people are supreme get over it"" conveys an implicit bias that places white people above others, reflecting a white supremacist viewpoint. It stereotypes white people as inherently superior and dismisses any counterarguments as unworthy of consideration.",,,,
Row_45,9a73aa2e-dcc6-4710-94c1-0a0204954e44,RT @LoveLifeEst13: @West305 u look like an all black persian rug. . with no designs on that bitch and couple nut stains dingy boy,"The tweet employs a dehumanizing comparison that equates a black individual with an ""all black Persian rug"" devoid of design, thereby treating the person as an object. The additional derogatory terms further reinforce negative stereotypes and implicit bias against black people, suggesting they are to be seen as items rather than as human beings.","The message is a harassing remark toward @West305.  It reduces the person to a demeaning metaphor – an ""all‑black Persian rug"" with no designs, suggesting blandness or ugliness, and then adds a slur (“nut stains”) and a further insult (“dingy boy”).  The reference to a black Persian rug, coupled with the use of a derogatory term for a black person, signals a racialized bias that equates the target’s appearance or identity with a demeaning, stereotypical object.  The overall tone is hostile and relies on racial slurs and negative stereotypes to demean and insult the individual.  This is a clear example of hateful or harassing language that targets a person’s race and appearance.",,,,
Row_46,45d9ed1b-2aab-458b-b8b4-5375c607007c,There are is only one difference between men and woman One of them is property,"The statement reduces women to mere property, reflecting a sexist stereotype that women are subordinate or owned, a bias rooted in patriarchal ideology.","The sentence covertly equates gender with ownership: it states that the sole distinguishing factor between men and women is ""property."" Implicitly, this frames one gender (women) as an object or possession, reflecting a sexist stereotype that reduces women to property owned or controlled by men. This bias perpetuates gender inequality by dehumanizing women and asserting a hierarchical relationship rooted in possession and control. The text is a clear example of how seemingly simple statements can embed harmful gender stereotypes and reinforce patriarchal attitudes.",,,,
Row_47,8c9104ef-73cb-4e49-8fcb-6e3d9ac3ff98,"I was raping this woman the other day, when she cried ""please ,think of my children"" KINKY BITCH!","The text implicitly perpetuates misogynistic bias and victim‑blaming stereotypes. By labeling the victim as a ""kinky bitch"" and referencing her children, the speaker suggests that her sexual orientation or role as a mother makes her responsible for or deserving of the assault. This reflects a broader cultural stereotype that women who deviate from perceived norms or who have dependents are somehow culpable or less worthy, thereby rationalizing sexual violence and dehumanizing the victim.",,,,,
Row_48,ebfeedb9-3a70-443d-80e0-b2132ae0c8ec,Nigga just had them crackers on a chase.,"The phrase employs racial slang terms—‘Nigga’ referring to a black individual and ‘crackers’ referring to white people—paired with the action of a chase. This pairing can evoke a stereotype of black individuals as aggressors toward white people, reinforcing racial bias. Without further context, the text could be interpreted as perpetuating a negative racial dynamic or simply describing a situation in colloquial slang, but the use of slurs and the implied chase suggest an implicit racial bias.",,,,,
Row_49,146137b6-31f4-4559-9974-93004de2407d,"If you got tats on your breast, you a trash ass bitch and stay far away from me with Ya acid pussy.","The statement portrays a woman with body tattoos as a sexual deviator and degrades her by calling her a 'trash ass bitch', thereby reinforcing misogynistic stereotypes that women who defy conventional beauty norms are deserving of mistreatment and are primarily valued for sexual gratification. This reflects an implicit bias against tattooed women, linking them to negative stereotypes such as 'skank' and justifying social exclusion.","The statement uses violent, sexist, and body‑shaming rhetoric to dehumanize the target. It implies that having breast tattoos—often associated with subcultures or self‑expression—makes a person ""trash"" and therefore deserving of exclusion and insult. The language is overtly misogynistic (calling the person a ""bitch""), and it weaponizes body modification as a marker of moral and personal worthlessness. It reflects a broader bias that equates certain aesthetic choices or identities with deviance, thereby reinforcing social hierarchies that marginalize those who differ from the speaker’s standards of normality or desirability.",,,,
Row_50,5b8956f1-acb9-42a4-8470-8f95d78a74f2,because what the white race needs is a military arms race among east asians . those are the competitors,"The statement implicitly portrays East Asians as competitors in a military arms race that is framed as being driven by the white race, reinforcing a stereotype of racial hierarchy and the idea that East Asians are an inferior or threatening group. This reflects a bias that otherizes East Asians while positioning white people as the dominant or initiating force.",,,,,
